Model,SSE
Double,0.125686027
Double (0.2),0.12591897
Additive Triple (0.2),0.247793717
Additive Triple,0.247798925